Product Name,Cost Price,Selling Price
Pushbutton 02-01,1,2
Pushbutton 01,1,2
Pushbutton Green+Red,2,4
Pushbutton Square,1.8,4
Pushbutton Red,1,2
Pushbutton Green,1,2
غطا ماجيك مسكر,0.35,0.7
Spray WD40 Large,3.75,6
Spray WD40 small,2.4,4
موتير مروحة تايواني,9,13
موتير مروحة صيني,8,12
Ingco مقدح 12v شنطة,27,36
Ingco Blower 400w,14,22
Ingco لانس بطارية,48,58
متر اصفر فييتنامي,0.85,2
Conan شفرة سكينة,0.65,1.5
حرامي Cosmostar,0.75,1.5
Konnice LED Bulb 20w QB3,1.25,2.2
راسور تسحيب اصفر 50m,15,22
راسور تسحيب اصفر 30m,7,14
قاعدة رباط تلزيق صغير,1.5,3
قاعدة رباط تلزيق كبير,3,5
بوبين 60uf,3.25,6.5
بوبين 55uf,2.9,6
بوبين 50uf,2.8,6
بوبين 40uf,2.2,4.5
بوبين 30uf,1.65,3
بوبين 35uf,1.9,4
بوبين 25uf,1.4,3
بوبين 20uf,1.2,2.5
بوبين 18uf,1.1,2
بوبين 16uf,1,2
بوبين 14uf,1,2
بوبين 12.5uf,1,2
بوبين 10uf,0.7,2
دجنتير مفرد DLXS 5A,1.8,3
دجنتير 4PH 32A Aelifv,3.5,6
Profil JH003A مع شفة,1.15,1.5
Konnice LED Bulb 50w TB3,2.75,5
Konnice LED Bulb 60w QB3,3.5,5.5
Konnice LED Bulb 40w QB3,2.25,4
ABCD remote,4,8
Car starter Digital,28,36
Car starter مع منفخ,24,34
Keychain light,1,2
ضوء راس 815,4,7
Pocket Light مع قداحة 5137,2.5,5.5
جرس wireless,2.25,4
LED Fan Light RAMA,10.5,15
LED USB stick Small,2.5,5
LED USB stick Medium,3.5,6
LED USB stick Large,5,7
battery 4v-4A,3,5
رسيفر 2090 SR,8,12
JTC 8332,7,12
battery 4v-1.6A,1.5,3
battery 6v-1.6A,2,4
UPS battery,5,7
بارفاز 3p-2p,7,10
بروجكتير سكة 20w,5,8
بروجكتير سكة 35w,6,9
كوع تراك,1.5,2.2
وصلة تراك,1.25,2
سكة بروجكتير 2m,4,7
سكة بروجكتير 1.5m,3,6
سكة بروجكتير 1m,2,4
LED Stik 15w,0.9,2
LED Stik 9w,0.75,1.5
شاسيه تلفزيون متحرك,37,42
دفرنسيال ABB 2x25A 30ma,35,40
3xe27 Ceiling,10,15
oval globe Hiblo شبك,2.5,5
French Globe,3.25,6
mr16 German 4200k,0.6,1.2
وصلة بشريط 3way Original 1.5m,2.5,6
Airplus 106cm,25,40
فيوز دولة,0.5,1
غطا دجنتير مجوز,0.55,1.5
Ingco علبة شفرات,0.45,1.1
Adawat مقدح 12v,17,25
Conan مقص تول,2.75,6
"Conan 6"" بوز طويل بنسا",1.75,4
Conan بنسا بوز رفيع mini,1.1,2.2
T9 120cm bspro,2.75,5.5
Frameless 48w Square ظاهر YGT,7.5,10.5
وصلة كهرباء 15 متر,5,9
وصلة كهرباء 10 أمتار,3.5,7
وصلة كهرباء 5 أمتار,2.35,5
صاروخ كهرباء Ingco 710w,18.5,25
INGCO مقدح كهرباء 680watt,18,28
جرس wireless vzorr,2.25,5
Conan طقم ريش 08131,3.15,7
INGCO مجوز طقم مفكات 0248,1.75,4
INGCO سكينة,2.25,6
INGCO كاوي 60w,6.8,10
INGCO شنطة قماش,3.5,7
INGCO heat gun,15,24
مرشة 2 ltr INGCO,3.5,6
16A فيش انثى اسود,0.55,1.1
16A فيش ذكر اسود,0.55,1.1
A70 LED Bulb 17w 4000k,0.65,1.5
بروجيكتر 50w Jif,5,10
Konnice بلاك عاجي,0.2,0.5
G4 LED Halogen 12v,0.45,1
فيش امركاني مبسط,0.3,0.55
INGCO مقدح كهرباء SDS 800w,34,44
Conan متر,0.95,2
Profil JH003,1,1.25
HDMI hoco 1m,2.5,5
Strip LED RGB L6 High Quality,8,15
Yesido Vacuum Cleaner,13,18
اسفين دق,1.1,2
Rope Chain 25m,15,23
Rope Chain 15m,9.5,14
Duracell Battery D,4.5,6
Conan مفك براغي 100,0.65,2
Conan مفك براغي 75,0.55,2
Conan مفك براغي 150x6,0.77,2
YATO مفك بطارية,8,13
"Conan 8"" بوز طويل بنسا",1,5
Ingco بنسا 8 in 1,7,12
Ingco طقم بنسات 3 قطع 08318,6.75,10
Ingco طقم عدة 7 قطع 10807,10.5,15
Ingco طقم مفكات 4 قطع 0458,2,5
Conan سكينة 08028,1.4,5
Conan طقم مفكات 29 قطعة 0829,5.5,12
Conan طقم مفكات 10 قطع 1028,5.5,9
علبة براغي ORG13,4,7
Ingco Offer 3 pieces 241198,159,170
Ingco مقدح بطارية 20V 200528,43,52
Ingco عرض مقدح + صاروخ 20V 20273,100,112
Ingco صاروخ بطارية 20V 211541,67,78
Ingco مقدح بطارية +كهرباء 23041,33,42
طقم فرد شد عزق Ingco,67,80
tp-link Router 841N 2 antenna,13.5,18
LED Bulb YGT 18w,1.1,2
Kocom 601D انترفون قاعدة,30,34
Kocom 201D انترفون سماعتين,32,37
orva سدة,0.15,0.2
orva مفتاح 01,3,4
orva مفتاح,0.6,0.8
orva بريز شوكو,1.35,1.8
Orva بلاك 4M,0.65,0.85
Orva شاسيه 4M,0.6,0.8
فيش ذكر Sopoka 5ml slim,0.45,1
رباط بلاستيك 4.8x100,0.4,1.5
عداد 3PH Aelifv,17,22
دجنتير قازان,6,9
فيش تلفون,0.02,0.1
RG45 فيش انترنت,0.02,0.1
وصلة strip LED 276,0.65,1
وصلة strip LED 220v,0.3,0.5
300 yard Starsat,35,41
100 Yard Cosmostar,12,16
100 Yard Starsat,7,12
50 Yard Starsat,4,8
30 Yard Starsat,3,6
20 Yard Starsat,2,4
LED Bulb Gold 30w Aluminium,2.9,4
دجنتير 6A Aelifv,0.7,2
تابلو مخفي 6 way,3,6
تابلو مخفي 9 way,3.5,7
تابلو مخفي 36 way,11,15
تابلو ظاهر 16way,5.5,9
غطا كهرباء 10x10,0.2,0.4
رباط بلاستيك Pelsen,1.25,2.5
بلبل فيش ذكر خفيف,0.3,0.55
شاسيه تلفزيون متحرك,3.1,5
حبل بروفيل,1.3,2
مكنة برغش فيش,0.5,1
LED Bulb 4000k 8w,0.45,0.8
LED bulb ball e14 6w,1.1,2
Osel Battery AAA,0.6,1
Portable AC,8,12
Cosmostar Cat6 305,47,52
بنسا تزليط Conan,2.25,4
"منشار بطارية 6""",17,22
LED Bulb OL Outrace 12w,0.55,1
Bomba LED Bulb 150w,6.7,9
لمبة فلاش Aelifv,2.25,3.5
كونتكتير Aelifv 3ph 4011,13.5,18
كونتكتير شفاف JQX,4,6
دجنتير اشتراك 3x15A CBI,23,25
دجنتير اشتراك CBI 50A,8.5,11
بروجيكتر 150w,10.5,18
فيش مولد عريض,0.75,2
فيش مولد,0.75,2
Profil JH003 Black,1.05,1.5
دوي Double Back,0.35,1
بروجيكتر 10w,2.35,6
كونتكتير موديلير 2 no 25A Aelifv,4,7
كونتكتير انفرسور1no+1nc Potric,4,7
تايمر ثواني SPARK,6,9
LED Bulb 9w Gold,0.55,1
Q2U حرامي اعوج Sopoka,4,6
Tp-link Wifi Extender,15,20
MR16 سبوت ثابت,0.85,1.5
Receiver SR 4070 رسيفر,8,12
Receiver SR 98 رسيفر,8,12
Ramadan LED Decoration,6.5,10
Cosmostar RGB Strip LED,7,12
LED Bulb E14 mini,0.9,2
ادبتر رسيفر,1,2
SR 4604 hd 4way عين رسيفر,4,7
SR 5080 hd 4way عين رسيفر,8,12
JTC8260,12,16
JTC 1212,3.5,6
JTC 9872,10,14
Q4U حرامي اعوج Sopoka,3.5,5
وصلة strip LED 180,0.35,1
Profil JH035,1.9,2.25
Profil 2010,0.9,1.25
T8 90cm,1,1.5
علبة جمع ظاهرة 30x25,6.5,9
Interlock 3ph,1.3,2.5
تايمر ثواني/دقائق دولاب SGT,2.5,5
دجنتير طاقة 125A DC,4.5,8
بلوطة,0.22,0.7
راسور تسحيب اصفر 10m,3,5
LED Bulb Colored,0.85,1.5
JTC 8912,10,15
JTC 8220,4,8
Smart Doorbell,10,15
بار ناتر,1,2
حرامي Solera,1.1,2.5
نواصة بفيش,0.75,2
علبة جمع ظاهرة 15x15,1.5,3
علبة جمع ظاهرة 25x20,2.5,5
Battery 9V Everyday,1,2.2
ادبتر امركاني Famatel,0.7,1.5
كونتكتير CHNT 3ph 4011,26,30
كونتكتير Aelifv 3ph 2501,5.85,10
كونتكتير CHNT 3ph 2501,10,15
Aelifv Plugin Timer,2.75,6
Frameless 60w Trendy square,8.5,13
علبة متمنة ظاهرة SGT,0.75,1.5
انتريك Tactical Flashlight,2,5
كادر بلا شريط شوكو 4way,1.5,3
كادر بلا شريط شوكو 3way,1.15,2.5
SR 320 hd 1way عين رسيفر,1,3
DISEQC SR X41,2,4
JTC 9120,10.5,15
JTC 3990,10,15
JTC 8048,8,12
JTC 8280,6,12
Spot Frameless 48W ظاهر YGT,7,9
كادر بلا شريط 2way,0.85,2
SOLERA فيش ذكر,0.8,1.5
MR16 LED Bulb YGT 8w,0.6,1.1
8w Edison Bulb لمبة ديكور G95,2,3
8w Edison Bulb لمبة ديكور G125,2.25,3.5
4w Edison Bulb لمبة ديكور ST64,1.1,2.5
كبسb22 5w LED Bulb,0.5,1
دجنتير صناعي Potric 125A,13,16
وصلة HDMI 1.5m,1,3
Battery Charger 10A,8,12
تابلو Aelifv 12way,6,10
تابلو Aelifv 8way,4,8
تابلو Aelifv 5way,3,5
كوسات 35,0.24,0.4
كوسات 25,0.18,0.3
كوسات 16,0.12,0.3
ساعة فحص UNIT 202,20,24
UPS Router WAB,10,16
Pocket Light مع عدة 5137,2.75,6
ضوء راس 200,2,5
ضوء راس 899,3,6
JTC 8025,3,5
JTC 1830,10,15
Battery قازان Osel,0.75,1.5
تلزيق صحية عريض ABD,0.6,1.5
مفك معزول طقم Conan,5.5,12
"Conan 8"" بنسا",2.6,5
"Conan 7"" بنسا",2.25,4
"Conan 6"" بنسا",2.15,3
مفك Conan,0.75,2
Cutter,0.1,1
Strip LED RGB 5m Bluetooth,4,10
ضو طاقة Gdplus 8071,20,26
بروجكتير طاقة Gdplus 2207,12,20
SR 3602 hd 2way عين رسيفر,2,4
Receiver SR 88 رسيفر,10,15
JTC 9303,10,14
JTC 6650,5,8
JTC 1936,6,10
فيش صناعي انثى 2x16,1.25,2.5
فيش صناعي ثابت 2x16,1.5,3
فيش صناعي ذكر 2x16,1,2
وصلة MC4,0.4,1
بروجكتر High Quality Gray 150w,17,21
دجنتير DC Aelifv 16A-63Aِ,4.35,6
جرس كهربا Green Bird,1.1,2
علام خزان 1.2m,6,10
JTC 9924,3,5
JTC 9916,3,5
JTC 8024,5,8
JTC 5121,3.5,7
JTC 407,2.5,5
JTC 9864,7,10
مكنة برغش 12w Insect Killer,11,16
مكنة برغش 10w Insect Killer,10,13
جنكسيون150A 50mm,3.5,5
جنكسيون 100A 40mm,2,3
جنكسيون 60A 25mm,1,2
جنكسيون 30A 16mm,0.6,1.5
جنكسيون 10A 10mm,0.45,1
كادر بلا شريطFamatel 4way,8.3,11
كادر بلا شريط 4way,1.1,2
كادر بلا شريط 3way,0.9,1.5
سبوت مربع YGT 18w,2.75,4
Tools Box Small Wadfow,3,6
Tools Box Medium Wadfow,6,10
Tools Box Large Wadfow,9,14
LED Bulb China 3w,0.35,0.8
ساعة حرارة Aelifv Thermometer,7,10
Battery Energizer 2025,1.05,2
Battery Energizer 1620,1.3,2.2
Battery Energizer A27,1.7,2.5
بوبين مروحة 2.5uf,0.55,1
مفك دجنتير ingco 1150,0.8,2
مفك دجنتير ingco 1100,0.6,1.5
ساعة حرارة Aelifv Thermometer,7,10
مفتاح جرس Famatel,2.26,4
Spot Frameless 36w ظاهر,3.75,6
وصلة بشريط 4way 5m,2.45,5
شفاط صناعي FA50,40,45
شفاط صناعي FA45,37,42
شفاط صناعي FA40,31,37
شفاط صناعي FA35,17,25
شفاط صناعي FA30,15,22
شفاط صناعي FA25,12,18
بريز ظاهر Famatel,1.5,3
Battery Energizer 2032,1.17,2
Battery Energizer 2016,1.05,2
Battery Energizer 1620,1.3,2.2
Battery Energizer A27,1.33,2.2
Battery Energizer A23,1.5,2.5
MR16 LED Bulb Wolta,0.6,1.1
LED Rechargeable Sensor Lamp,2,4
Automobile RGB LED Strip Car,4.5,10
لمبة ديكور G125 COOL,1.25,2.2
Filament Lamp E14 YGT شفاف,0.7,1.25
Filament Lamp E14 YGT,0.5,1
ترانس 24-36w,2,2.5
كونتكتير مودولر سكة Potric,7,11
ريليه بلا قاعدة 220v Aelifv,1.75,4
لمبة سنسر12w,1.8,3
كونتكتير CHNT 40A 2508,10.5,15
Energizer Battery AAA x2,0.9,1.77
Energizer Battery AA x2,0.9,1.77
تحويلة كبس لبرمB22-E27,0.25,1
دجنتير اشتراك CBI 40A,8.5,11
باتير,0.12,0.2
لمبة ديكور G45 4w,0.6,1
غطاء 70,0.13,0.25
جرس Wireless Alpha 9615,3.9,6
دجنتير اشتراك CBI 20x3A,23,26
بروجيكتر 50w,4.5,8
Fuse DC,0.6,2
Fuse AC,0.13,0.55
علبة جمع مخفي 10x10,0.5,1
علبة جمع مخفي 15x15,0.85,1.5
علبة جمع مخفي 20x20,1.1,2
Battery Charger 30A Sunchonglic,19,24
ساعة فحص UNIT 200,15,18
شفاط صناعي FA20,10.5,15
ساعة تابلو Potric V/A/Hz,9,15
نواصة ليد سنسر Cosmostar,3.4,6
دوي فيش,0.25,1
اوتوماتيك درج Aelifv,4.5,9
تايمر 24Hrs Aelifv,8,10
ريليه مع قاعدة 220v Aelifv,2.2,4
بروجيكتر 100w,10,15
كونتكتير 3PH Kripal,7.25,10
عداد مفرد Aelifv,5.75,8
تعليقة مروحة,0.45,1
بوبين مروحة 2uf,0.5,1
حماية براد Aelifv,4.5,7
ساعة حماية Aelifv,4.5,8
LED Bulb YGT 13w,0.5,1
Strip LED 5m 12v,4.5,8
Rope Chain 25m YGT,18,23
Rope Chain 15m YGT,11,15
Rope Chain 10m,5.5,10
Astro Light,8,15
Alteco Spray,1.45,3
Sonax G2100,1.65,3
Smart Wifi Camera Duos,14,22
Camera v380 E27,7.5,14
ساعة فحص كبير,4.75,8
ساعة فحص صغير,4.75,6
تست 12v,0.85,2.5
مروحة سقف حديد SMC,40,45
بنسا تفييش انترنت INGCO,5.5,9
فيش كاميرا BNC,0.3,1
مقدح Ingco 12v عرض بطاريتين+فرد شمع,34,40
Colored LED Bulb with Remote,2,4
قطاعة INGCO,2.25,5
T6 120cm 72w,3.75,7
مقدح بطارية رأس حديد 20v INGCO,96,105
Distelled Water مياه مقطرة,2.2,3.3
بارفاز 1p,2.75,5
علبة ماجيك 6M,0.75,1
علبة ماجيك 4M,0.6,1
قاعدة ريليه,0.45,1
وصلة بشريط 3way 5m,2.25,4
INGCO مقدح SDS + خلاط,92,105
"Tools Box 13""",2.75,5
"Tools Box 16""",4.75,8
"Tools Box 18""",6.75,10
"Tools Box 21""",9.5,14
غطا متمن,0.06,0.3
غطا كهرباء 20x20,0.65,1
غطا كهرباء 15x15,0.5,1
دجنتير اشتراك 30A CBI,7.35,10
Kitchen Balance,2,5
Strip LED 100cm 12v,0.52,1.1
شاسيه تلفزيون كبير,1.6,3.5
Modularكونتكتير SGT,7,10
Aelifv دجنتير Smart WIFI,13.5,17
سنسر سقف,4.5,7
فراش مروحة تايواني,2,4
Colored LED Bulb 9W,1.5,2.5
strip LED RGB 5m,5.5,10
Mirror Globe Sandwich,5,8
Colored T5 60cm,2.55,4
Colored T5 120cm,3,6
رزاز,0.07,0.3
ستلايت Splitter 2way,0.6,2
ستلايت Splitter 3way,0.75,2
حرامي,0.25,0.55
فيش خليوي جوكر,0.35,1.1
CashCable 60x100,3.7,6
CashCable 60x80,3.5,5.5
مفتاح ظاهر Sopoka,0.55,1
LED Bulb 5w,0.45,1
حرامي Sopoka,1.15,2.5
فيش انثى Sopoka,0.65,1.1
دجنتير اشتراك CBI 3x10A,23,26
oval globe,2.5,4
دجنتير اشتراك CBI 25A,7.35,10
كونيكتر JBC2,1.5,2
كونيكتر JBC1,1.1,1.5
LED G9,0.85,1.5
Bomba LED Bulb 100w,4.6,9
Bomba LED Bulb 80w,3.65,6
Bomba LED Bulb 60w,2.6,5
Bomba LED Bulb 50w,2.1,4
Bomba LED Bulb 40w,1.85,3.5
Bomba LED Bulb 30w,1.45,2.5
Bomba LED Bulb 20w,1.1,2
دجنتير هاوس مجوزSGT,2.15,5
دجنتير هاوس مفرد Aelifv,1.65,3
سنسر سدة,4.25,6
LED Bulb wكبس 12,0.65,1.1
ترانس سبوت 24-18w,0.85,1.5
ترانس سبوت 12-18w,0.7,1.5
علبة ماجيك ظاهرة,0.65,1
بلوطة جرس,0.35,1
24w سبوت ظاهر,3.1,6
سبوت مخفي 24w,3.75,5
بلوطة دركسيون Cosmostar,0.55,1.1
تست Digital,6.5,9
جنكسيون 10ml,0.45,1
LED Foldable Bulb Cosmostar 38w,4.5,7
غطا دجنتير مفرد,0.3,1.1
وصلة T8,0.16,0.5
LED Bulb Starlight 9w,0.55,1.1
Router TP-Link DSL 8961N,19,28
جنكسيون 6ml,0.25,0.5
جنكسيون تركي 25ml,0.45,1.1
جنكسيون 150A,4,5.5
فلتر DSL,0.9,2.2
وصلة بشريط 6way Cosmostar,7.25,12
وصلة بشريط 4way Cosmostar,6.25,10
وصلة بشريط 3way Cosmostar,5.5,8
توال 3M,0.7,1.1
T6 60cm,2.25,4
T6 120cm,3.25,6
MR16 LED Bulb Topram,0.65,1.1
Rope Ceiling,1.85,4
تحويلة دوي E14-E27,0.25,0.5
اسفين دق Italy,5,6.5
Power Supply 400w,8,10
Power Supply 300w,7,9
Power Supply 200w,5.5,8
Power Supply 100w,4.75,7
Power Supply 60w,4,6
تست صغير Orange,0.35,0.9
تست كبير Orange,0.5,1.1
JTC 8940,11,16
T8 60cm,0.85,1.5
T8 120cm,1.15,2
علام خزان 2m,8.5,12
علام خزان 1.5m,7.75,10
LED Bulb 12V 12w,0.75,2
Battery Charger 30A,17,25
Battery Charger 5A,5,8
12v Emtop مقدح بطارية,17,22
Heat Gun 1600w Wadfow,11,15
فرد شمع Ingco 100w,4,7
مقدح ingco 12v عرض بطاريتين,23,32
نواصة LED 1w,0.35,0.8
Edison Bulb لمبة ديكور A60 8w,1,2
Edison Bulb لمبة ديكور A60 5w,0.85,2
Edison Bulb لمبة ديكور G45 4w YGT,0.85,2
Vimar بريز شوكو 14208,4.75,6
Vimar كباس 14050,9.95,12
Vimar مفتاح جرس 14008,3.35,4
Vimar مفتاح دركسيون 14004,3.1,4
Vimar سدة 14041,0.55,1
Vimar مفتاح 14000,2.28,3
Vimar بريز 14233,3.35,4
Vimar غطا,1.75,2
شاسي Vimar,0.9,1.5
لمبة اشارة بشريط,0.15,0.5
لمبة براد E17,0.2,0.5
لمبة براد E14,0.17,0.5
ركور دوي جالس,0.5,1
ركور دوي اعوج,0.5,1
Filament Lamp E14 Osram,0.95,2
كونتكتير CHNT 4PH 2504,8.5,14
Max T5 30cm,1.45,2
Max T5 60cm,1.65,2.5
Max T5 90cm,1.75,3
Max T5 120cm,1.85,3.3
Filament Lamp E14 6w,0.55,1.1
سبوت مخفي Max 12w,1.65,2.8
سبوت مخفي Max 9w,1.55,2.5
سبوت مخفي Max 6w,1.35,2
سبوت مخفي Max 3w,0.85,2
علبة ماجيك,0.2,0.5
علبة جمع ظاهرة 10x15,1.55,3
علبة جمع ظاهرة 10x10,0.85,2.2
علبة جمع ظاهرة 15x20,2,5
علبة جمع ظاهرة 18x23,3.5,6
علبة جمع ظاهرة 24x32,7,10
علبة جمع ظاهرة 24x32,11.5,15
TopPlus LED Bulb 26w,2.25,3.5
رباط بلاستيك 7.6x350,2.25,4
رباط بلاستيك 7.6x250,1.5,2.5
رباط بلاستيك 4.8x400,1.4,2.5
رباط بلاستيك 4.8x350,1.2,2.2
رباط بلاستيك 4.8x300,0.9,2
رباط بلاستيك 4.8x250,0.8,2
رباط بلاستيك 4.8x200,0.7,1.5
STICK Lamp Tango 15w,1.1,2
STICK Lamp Tango 9w,0.7,1.5
STICK Lamp Tango 5w,0.55,1
فيش ذكر اعوج ستلايت,0.17,0.5
فيش ذكر ستلايت,0.13,0.5
تيه ستلايت,0.17,0.5
وصلة ستلايت,0.1,0.5
عزقة ستلايت,0.08,0.3
جرس كهرباء Blue,1.1,2.2
Wireless جرس,2.5,3.5
ضو زمور اشارة,0.75,2
دجنتير اشارة LED,0.75,1.5
كاوي صيني 30w,2,4
ساعة V/A Aelifv,5,8
كونتكتير (A26/40A) ABB,43.5,46
كونتكتير (A9/25A) ABB,19,22
كونتكتير Amiral,3,5
2508 كونتكتير Cosmostar 40A,4.5,8
هاوس Sopoka 2x60A,10,12
هاوس Sopoka 2x30A,5,7
هاوس بورسلان 2x63A,4.65,7
هاوس بورسلان 2x32A,3.25,5
هاوس Orange 3PHx100A,5,7
هاوس Orange 2x63A,1.75,2.5
هاوس Orange 2x32A,0.9,2
اتاش صيني 14ml,1.75,3
اتاش صيني 12ml,1.55,2
اتاش Pelsen 22ml,3.15,5
اتاش Pelsen 20ml,2.8,5
اتاش Pelsen 18ml,4.4,7
اتاش Pelsen 10ml,1.75,3.5
اتاش Pelsen 8ml,1.15,3
اتاش Pelsen 7ml,1.05,2.5
اتاش Pelsen 6ml,1,2.2
دجنتير Sassin مثلث 50-63A,6.25,10
دجنتير Sassin مثلث 40A,5.5,8
دجنتير Sassin مثلث 16-32A,4.75,7
دجنتير Sassin مجوز 50A,4.25,7
دجنتير Sassin مجوز 40A,3.75,7
دجنتير Sassin مجوز 10-32A,3.25,6
دجنتير Sassin مفرد 50-63A,1.85,3.5
دجنتير Sassin مفرد 40A,1.65,3
دجنتير Sassin مفرد 10-32A,1.35,2.5
دجنتير ABB مثلث 50-63A,27.6,30
دجنتير ABB مثلث 16-32A,13.05,16
دجنتير ABB مجوز 50A,14.85,17
دجنتير ABB مجوز 40A,9.3,12
دجنتير ABB مجوز 10-32A,9.1,11
دجنتير ABB مفرد 63A,8.05,11
دجنتير ABB مفرد 50A,8.05,11
دجنتير ABB مفرد 40A,3.25,5
دجنتير ABB مفرد 6-32A,3,4.4
"شفاط مدور زجاج 8""",8.5,12
"شفاط مدور زجاج 6""",7.5,10
"شفاط بلاستيك 12""",10.5,18
"شفاط بلاستيك 10""",9.6,15
"شفاط بلاستيك 8""",8.5,12
سكة اوميغا,0.65,2.2
"شفاط صناعي 20"" TENC",35.36,45
"شفاط صناعي 16"" TENC",27.04,35
"شفاط صناعي 14"" TENC",16.43,25
"شفاط صناعي 10"" TENC",13,20
CashCable 60x60,2.6,6
مخرم CashCable 40x60,2,4
مخرم CashCable 40x25,1.3,3
CashCable 60X40,2.2,3.5
وصلة بشريط 3way,1.75,3
وصلة بشريط 4way,1.8,4
سبوت ظاهر Max 18w,2.25,4
سبوت مخفي Max 18w,2.15,3
Frameless Spot 36w TENC,2.5,5
Frameless Spot 24w,1.8,4
Frameless Spot 18w,1.45,3
Frameless Spot 9w,1,2
دجنتير اشتراك CBI 20A,7.35,10
دجنتير اشتراك CBI 15A,7.35,10
دجنتير اشتراك CBI 10A,7.35,10
دجنتير اشتراك CBI 6A,8.5,11
دجنتير اشتراك CBI 5A,8.5,11
دجنتير اشتراك CBI 3A,9.4,12
دجنتير اشتراك CBI 2.5A,9.4,12
راسور تسحيب اصفر 25m,5.5,12
راسور تسحيب اصفر 20m,4.5,10
راسور تسحيب اصفر 15m,3.25,7
راسور تسحيب اصفر 5m,1.25,3
بريز ماجيك,0.37,1
مفتاح ماجيك,0.37,1
Bathroom Aspirator 6inch,6.25,10
Bathroom Aspirator 5inch,5.25,8
Bathroom Aspirator 4inch,4.25,7
دوي برم صيني,0.28,0.5
دوي برم Italy,0.31,1.1
كادر بلا شريط Sopoka,1.1,2.2
فيش ادبتر Sopoka,0.55,1.1
بريز ظاهر مجوز Sopoka,0.8,1.6
بريز ظاهر مفرد Sopoka,0.6,1.1
فيش ذكر اعوج Sopoka,0.65,1.1
فيش ذكر Sopoka 5ml,0.65,1.1
فيش انثى شوكو Sopoka,0.95,2
فيش انثى خفيف Sopoka,0.3,0.55
تابلو مخفي 24way,6.5,12
تابلو مخفي 16way,5.5,9
تابلو مخفي 12way,4.5,8
تابلو ظاهر 36way,11,15
تابلو ظاهر 24way,7.5,12
تابلو ظاهر 18way,6,10
تابلو ظاهر 12way,4.5,8
تابلو ظاهر 8way,3.5,7
تابلو ظاهر 6way,3,6
تابلو ظاهر 4way,2.5,5
CashCable 40X40,1.4,3
CashCable 25X40,1.1,2.5
CashCable 15x10,0.32,1
CashCable 12X12,0.32,1
CashCable 16X16,0.4,1.1
CashCable 20x10,0.44,1.1
CashCable 25x25,0.8,2
CashCable 25x16,0.8,1.65
Power Supply 500w 24v,10.5,13
Power Supply 400w 24v,8,10
Power Supply 300w 24v,7,9
Power Supply 200w 24v,6,8
Power Supply 150w 24v,5,7
Power Supply 100w 24v,4,6
Signal Cat6 305,32,37
علبة متمنة مخفي,0.12,0.3
تلزيق شفاف,0.4,1
فحم,0.22,0.55
Strip LED 12v 60cm,1.25,2
علام خزان 1.8m,8.75,12
علام خزان 1.7m,8.5,12
علام خزان 1.3m,7.25,11
دوي MR16,0.13,0.3
Frameless Square 36w,2.5,4.5
تيب حراري 20,14,18
تيب حراري 16,10.5,15
دجنتير اشارة LED TENC,0.5,1
Wirenet Gray P1,0.8,2
Wirenet Blue P2,1.2,3
Wirenet Red P6,3.25,6
Konnice LED Bulb 16w,0.5,1
فيش انثى روسي,0.43,1
LED CCT 24w e27,4.75,7.5
LED CCT 18w e27,3.9,6
Ingco راس مقدح,3.5,6
فيش ذكر روسي,0.43,1
سخان باكستاني,1.05,3
Ingco تست,0.55,1
Strip LED 10m 24v,9,12
Profil 3020,2.1,2.5
بريز ظاهر ADAF,0.52,1
Strip LED 5m 24v,4.5,7
سبوت ظاهر YGT 60x60,21,25
عداد مفرد Potric,5.75,9
Spot Frameless 36w ظاهر warm jaratt,4.5,6
حرامي طوي,1.25,2.5
كادر بلا شريط 5way,1.15,2.5
Gold LED Bulb 50w,2.7,5
دوي e14,0.3,0.8
جنكسيون طربوش 120,3,4
جنكسيون طربوش 95,2.35,3
جنكسيون طربوش 70,1.75,2.5
جنكسيون طربوش 50,1.35,2
مروحة عامود Crown,20,20
فيش ذكر مبسط وسط Sopoka,0.5,1
لمبة سنسر Bomba,2.25,4
مفك emtop 6x150,0.72,2
طقم طق طق YATO 20pcs,17.5,24
ميزان ابرة emtop,11.5,18
ميزان ديجيتال emtop,23,32
علبة electronic,1.15,2
ساعة حماية Potric,5,8
Konnice LED Bulb 30w QB3,1.75,3
MR16 LED Bulb Konnice,0.5,1
بلاك Orva,0.45,0.7
شاسيه Orva,0.36,0.6
سبوت مخفي 18w,1.25,3
Frameless Spot 36w Tiger,2.5,4
T9 60cm,1.7,3.5
orva بريز,0.62,0.85
Spot Frameless 48w YGT,6,8
LED G4,0.65,1
فيش ذكر خفيف Sopoka,0.3,0.55
حماية بريز,0.075,0.11
Spot Frameless 48W ظاهر YGT,7,9
مكنة برغش Akko Star 10w,10.5,14
مكنة برغش Akko Star 15w,12,17
مكنة برغش Akko Star 20w,13,20
مكنة برغش مستطيل Akko Star 20w,11,15
مكنة برغش مستطيل Akko Star 30w,13,18
مروحة حائط Crown,21,27
بريز Wifi,5,8
سبوت سنسر 20w,4.5,7
غلوب سنسر تركي 8,8,12
كوس انبوب 1,0.4,1
كوس انبوب 1.5,0.45,1
كوس انبوب 2.5,0.65,1.25
كوس انبوب 4,0.75,1.5
كوس انبوب 6,1,2
كوس انبوب 10,1.25,2.2
كوس انبوب 16,2,3
كوس انبوب 25,3,4
كوس انبوب 35,3.5,4.5
سبوت متحرك MR16,1.15,2
علبة ظاهرة 6M,1.5,2
شاسيه Orva 6M,1.75,2
بلاك Orva 6M,1.2,1.5
frameless spot 24w YGT,2.75,4
علبة ظاهرة 4M,0.9,1.5
شاسيه Orva 4M,0.65,0.9
بلاك Orva 4M,0.65,0.9
Camera 3lens E2316,16,25
Solar lamp Cl 080,6.5,10
وصلة بشريط T304,5,8
وصلة بشريط E034,5,8
Strip LED RGB 5m Neon,8,14
JTC fan 5401,27,35
JTC fan 2819,28,37
Solar light Gdplus 8860,25,34
mini Fan clamp,6.5,12
E27 Fan 40w,10,20
لانس بطارية صيني,15,20
لمبة تشريج Biva,2.25,5
بطارية A23 Gp,0.5,1
بطارية Camelion AA,0.3,0.66
بطارية Camelion 9V,0.33,0.7
بطارية Camelion C,0.66,1
بطارية maxday 3v 2032,0.3,1
انتريك عسكري,1,2
كوسات شك,1.5,3
magnetic DJ11 24w,9,11
سكة Magnetic,7.5,9
ترانس 200w Magnetic,13,15
دجنتير DPN Aelifv 10-32A,1.75,2.5
profil 1010,0.7,1
توال indo,0.38,0.6
شفرة خفيفة,0.1,1
ركور جالس sopoka,0.48,1
Ingco Blower 800w,18,26
مقص PPR Conan,2.25,5
علبة ماجيك KH,0.12,0.25
رباط بلاستيك 4.8x100 Pelsen,0.3,1
رباط بلاستيك 4.8x150 Pelsen,0.45,1
رباط بلاستيك 4.8x200 Pelsen,1.25,2.5
رباط بلاستيك 4.8x250 Pelsen,1.5,2.5
رباط بلاستيك 4.8x300 Pelsen,1.75,3
ساعة V/A 3M,4.5,8
Strip LED 24v Bright,22,26
علبة جمع ظاهرة 15x10,1.25,3
oval globe 24w,3,6
متر Toyo,1.33,3
Chip 50w لمبة بروجكتير,1.25,2.2
"Prandtex Fan 16""",15,19
"Prandtex Fan 18""",17,23
دجنتير 4PH 63A Aelifv,3.5,6
Aelifv دجنتير طاقة 125 DC,4.5,8
رباط بلاستيك 7.6x300,3.5,5
6mm اسفين دق Italy,4.3,6
جنكسيون طربوش 35,1,1.5
دجنتير مفرد 6A-32A SGT/Aelifv,0.7,2
دجنتير مجوز 6A-40A SGT/Aelifv,1.4,4
بورت فيوز مع فيوز Aelifv,2,3.5
وصلة MC4 Y3,2.5,5
wifi switch Smart,4.5,8
"قطاعة كابل 6""",2,4
"قطاعة كابل 8""",2.75,5
ساعة فحص تون,15,20
weekly بريز تايمر ديجيتال Aelifv,5.5,8
شاسيه Konnice,0.2,0.5
Konnice بلاك,0.18,0.5
سدة Konnice,0.06,0.2
بريز Konnice,0.3,0.6
Konnice مفتاح,0.3,0.6
بريز Konnice Black,0.45,0.6
Konnice مفتاح Black,0.35,0.6
Konnice بريز تلفون,0.52,0.7
بريز تلفزيون Konnice,0.8,1
مفتاح دركسيون Konnice,0.43,0.7
بريز شوكو Konnice,0.78,1.2
Konnice بلاك خشبي,0.35,0.6
علبة ظاهرة Konnice,0.55,1
Konnice بريز universal,0.6,1
كارت اسم Konnice,0.5,1
مفتاح جرس Konnice,0.43,1
Konnice 01 ضو,1.1,2
Konnice غطاء مطري,1.1,2
syria علبة ظاهرة Konnice,0.42,0.8
LED Foldable Bulb Konnice 40w,2.25,5
Konnice بلاك اسود,0.18,0.5
LED Bulb 12V 12w KH,0.8,1.77
KH T5 30cm,1,2
KH T5 60cm,1.35,2.5
KH T5 90cm,1.65,3
KH T5 120cm,1.75,3.5
White Diamond LED Bulb 60w,2.5,5
White Diamond LED Bulb 40w,1.85,3.5
White Diamond LED Bulb 30w,1.6,3
دوي سنسر,2.5,5
8w Edison Bulb لمبة ديكور tecnolite,0.7,2
battery 4v-2A,2,5
battery 6v-4.5A,4,7
battery 12v-4.5A,9,12
Solar light Gdplus 8100 150w,30,45
ريموت رسيفر Starsat,1,2
TV Box xiaomi,18,25
Fan Agi 1631,17,24
JTC fan 2857,10,15
فيش مسجلة,0.4,1.1
repeater 1200mbps,6,10
بنسا SMU,7,10
فراش مروحة جوكر,1.75,3.3
Energizer Battery AAA x4,1.73,3
Energizer Battery AA x4,1.73,3
Energizer Battery D,4.8,6
eveready انتريك صغير,1.75,2
eveready انتريك كبير,2.3,4
Ceiling LB00001324 4pcs,19,25
Ceiling LB00001323 4pcs,19,25
Table Ceiling 45566-01-65,12,20
Wall Ceiling 45280-01-30,17,25
x2 Ceiling 74107-12-30,17,25
kitchen Ceiling 74309-01-37,17,28
Gold LED Bulb 18w,0.85,2
Gold LED Bulb 40w,1.9,4
Gold LED Bulb 30w,1.65,3
Gold LED Bulb 40w 4000K,1.65,4
Gold LED Bulb Stick 10w,0.75,1.5
Gold LED Bulb Stick 20w,1.5,2.5
علبة مطرية بريز شوكو,2.05,4
علبة مطرية بريز شوكو + مفتاح,2.8,5
علبة مطرية مفتاح x2,2.35,4.5
وصلة بشريط 3way Kabloo,2.7,5
Filament Lamp E14 OL,0.7,1.1
تلزيق double face Ivy,0.55,1.77
كرت براغي+اسفين,0.75,1.77
فيش ذكر كيس Sopoka,0.5,1
دوي فيش Sopoka,1.15,2.2
فواشة ايطالي اصلي,6.25,9
فواشة ايطالي علبة,2.5,5
مفتاح ظاهر كبير Sopoka,0.55,2
B1 تيب 13ml/30yard,3,5
B1 تيب 16ml/30yard,3.25,5.5
B1 تيب 19ml/30yard,4.25,6
B1 تيب 23ml/30yard,5.25,6.5
B1 تيب 13ml/45yard,5,7
B1 تيب 16ml/45yard,5.25,7.5
B1 تيب 19ml/45yard,7.25,9
B1 تيب 23ml/45yard,10.25,14
تيب راسور 16ml,2.75,5
تيب راسور 20ml,3.25,6
تيب راسور 25ml,4.25,7
تيب كاوتشوك 20ml,14,18
تيب كاوتشوك 25ml,16,22
صاروخ كهرباء Ingco 750w,17,24
طقم مسدس Conan,2,5
طقم منجم Conan,1.65,4
قطاعة ingco كرت,2,4
تحويلة دوي E27-E14,0.25,0.5
لمبة تشريج Uxi 30w,4.5,7
قطاعة SMU,6.5,10
فواشة 2m Aelifv,1.7,3
فواشة 3m Aelifv,1.9,4
فيش ادبتر مربع Sopoka,0.55,1
مقدح Wadfow 20v,32,45
مقدح راس حديد Ingco 20v,48,60
مقدح بطارية Wadfow SDS,54,65
Ingco Blower 650w,18,25
Spot Frameless 48w Tiger,4.5,7
Profil JH006A مع شفة,1,1.25
دجنتير مجوز 6A-40A CHNT,2,4
تحويلة دوي E27-E27,0.3,0.5
UPS 1000mah WAB,24,35
فانوس اسود,7.5,12
Profil JH003F,0.7,1
دجنتير مفرد 6A-40A CHNT,0.84,2
2M ساعة V/A Aelifv,5,8
انترفون cosmostar,19,25
ديمر قازان,1.25,2.5
تنس برغش,4.5,7
Edison Bulb لمبة ديكور A60 6w YGT,0.6,1.5
عداد عريض Potric,5,9
كونكتير CHNT 60A انفرسور,21.5,25
ساعة فحص mini,4.75,8
ساعة فحص UNIT 201,18,22
وصلة بشريط 3way مع مفتاح FH,2.5,6
وصلة بشريط FH 3way,1.95,5
وصلة بشريط FH 4way,2.75,7
Solar Light 500w,40,50
Wall Ceiling 98982-05,10,15
Spot Frameless 36w ظاهر YGT,4.5,7
Vimar مفتاح 01,6.75,7.5
توال liban cables,0.54,1
ادبتر امركاني Cosmostar,0.55,1
Extender Cudy,17,22
بروجكتير 200w Sadaka,17,22
بروجكتير 300w Sadaka,25,30
Remote RGB,4,8
وصلة magnetic PJ06,1.75,4
كوع magnetic,2.5,5
غطا profil jh035,0.3,0.6
Cube Ceiling 21122-01-03,18,25
Strip LED 10m 12v RED,12,15
Strip LED 5m 12v Gold,5,7
Strip LED 10m 220v Gold,10,13
Strip LED 10m 12v Gold,10,13
Frameless Spot 9w TENC,1,2
Spot Frameless 36W ظاهر TENC,3.35,6
Gold LED Bulb 100w,6.25,10
انتريك P90,5,8
وصلة HDMI 1.5m,1,3
Car starter بلا منفخ,20,25
ميزان ديجيتال فواكه,15.5,20
JTC 0407,2.5,6
Energizer Battery 9V,3.41,4
Konnice مفتاح Black,0.35,1
Konnice Solar light 300,19,25
Konnice Solar light 200,14,20
مقدح ingco 12v بطارية واحدة,18,24
صاروخ بطارية Wadfow 20v,56,70
طقم ريش Yato,3.65,7
توال Sopoka,0.35,1
شمع عريض كيس,4.5,7
فرد شمع عريض 60w,2,5
ريشة حديد emtop,0.15,0.5
صحن مغنطيس emtop,2.25,5
Power Supply 500w,10.5,13
شاسيه ليد 12v 60cm,1.25,2.2
تابلو 12way Winline,3.5,7
لمبة اشتراك Aelifv,2.25,3.5
f4-11 CHNT,1.5,3
تيب كاوتشوك 16ml,11,18
KH تيب 16ml/25yard,2.75,5
KH تيب 16ml/50yard,4.25,7
Vimar universal 14257,9.6,12
لمبة اشارة مدورة,0.35,1
Cudy Repeater AC1200,14.75,18
مكنة غسيل Yato 2000w,120,140
لمبة تشريج Class,1.5,2
مقدح صيني بطاريتين,15,24
ريموت مكيف جوكر,2,5
KH ترانس 24-36w,0.85,1.5
قصدير تايواني,2.35,5
قصدير,1.1,2
فيش ذكر مع مفتاح,0.75,2
بكرة صناعي 25m,23.5,30
بكرة صناعي 50m,34,45
جرس YGT,5.5,9
"interphone urmet 18""",650,700
2x2 nawa2is,0.29,0.6
سبوت ظاهر 18w,2,4
انترفون سماعتين Lingtingzhe,16,22
طقم مفكات 26 قطعة Conan,15,20
مقدح Ingco 20v,43,50
t6 120cm Konnice,3.5,6
Spot Frameless 36w ظاهر KH,2.5,5.5
Spot Frameless 40w ظاهر GenLEd,2.75,6
علبة مطري 008C.A.G,4,6
علبة مطري 011C.A.G,13.7,17
علبة مطري 12C.A.G,14,18
Gold LED Bulb 80w,5.5,8
توال TENC,0.4,1
profil جفصين Kaw,1.6,1.9
دجنتير جرس potric,1.25,2.2
طقم بنسا + قطاعة ingco,5.25,8
لمبة تشريج Uxi 20w,4,6
رزيستانس 1200w,5.75,9
بطارية 2amp 20v ingco,12.25,15
ادبتر 9v,1.15,2
ادبتر 12v,1.15,2
ليزر شقلة wadfow,30,35
T6 60cm Konnice,1.3,3
MR16 LED Bulb,0.5,1
عداد orbis,25.5,30
Mb2-22A Spark حماية,9,12
سىوناكس G1200,1.5,3.3
سبوت مربع YGT 12w,2.25,3.5
شاسيه 4M Konnice,0.35,0.8
بلاك 4M Konnice,0.5,1
شاسيه 6M Konnice,0.8,2
بلاك 6M Konnice,0.5,1
Large Edison Bulb لمبة ديكور G125,1.5,3.5
High بلوطة,0.35,1
مفك 150,0.6,1.5
alteco كرت,0.27,0.55
Spray G2100,1.5,3
Spray G2100,2.95,4
Energizer Battery AA Max,2.95,4
Flashlight Eveready,2.24,5
Flashlight Energizer,3.37,7
بروجكتير 200w Topram,20,25
بلوطة خفيفة,0.12,0.3
بلاك ماجيك,0.42,0.8
هاوس بورسلان TENC 2x32A,2.65,5
لمبة ارمة 1.5w,0.1,0.3
كونتكتير Sassin 40A,7,10
Bomba LED Bulb 18w,0.9,2
"شفاط صناعي 12"" TENC",14.5,23
LED G4 12v,0.75,1.1
علبة متمنة ظاهرة,0.5,1
رباط بلاستيك 4.8x350 Pelsen,2.25,3.75
رباط بلاستيك 4.8x450 Pelsen,3.5,5
shrink box,4,8
Lamp 12w 12v kh,0.75,2
Gold LED Bulb 12w,0.65,1.1
Power Supply 400w Tenc,5.14,9
Power Supply 300w Tenc,4.88,8
Power Supply 200w Tenc,4.22,7
Power Supply 100w Tenc,3.21,6
Power Supply 500w 24v Tenc,6.5,11
Power Supply 400w 24v Tenc,5.14,9
Power Supply 300w 24v Tenc,4.88,8
Power Supply 200w 24v Tenc,4.22,7
Power Supply 100w 24v Tenc,3.21,6
دوي سنسر YGT,1.75,4
JTC 3060,10.5,16
Blower Youssef,12,20
Camera e27 duo,12,20
Strip Led neon box,10,15
وصلة بشريط 3way مع مفتاح FH 5m,2.75,6
مقدح 12v Conan,20,30
فيش انثى شوكو صيني,0.4,1
حرامي brilliant,0.65,1
مفك بطارية Conan,11.5,15
ادبتر حرامي Sopoka,0.55,1.5
سنسر ضو موتوسيل Aelifv,3.5,6
دفاية غاز AG-350,18,23
دفاية غاز AG-360,21,26
دفاية غاز AG-370,21,27
دفاية AG-2000,10.5,15
دفاية AG-2100,11.5,18
عين رسيفر,1,2.2
دفاية AG-2820,8,12
قاعدة TV blue,2,5
قاعدة TV blue Big,4,8
 قاعد متحركة TV blue ,8,12
 قاعد متحركة TV blue Big,15,20
غطا متمن مع برغي,0.12,0.3
وصلة بشريط 4USB,5,10
projector 10w,2.35,5
projector 30w,3,6
وصلة T60 3USB,4.5,10
وصلة A95,5.5,12
وصلة MOXOM STO5,8,15
RingLight YMC16,22,30
magnetic DS11 24w,10,13
ترانس 100w Magnetic,8,11
PJ02,1.5,3
Rope Chain 10m YGT,8,12
جرس wireless LSAGA,4.5,6.5
LED Bulb 9w AP,0.45,1
دفاية General 90E,7.5,12
دفاية Royal,5,8
Spot Frameless 36W GLO,2.75,4.5
قاعدة TV H-10,70,85
جنكسيون على سكة 4,0.2,
جنكسيون على سكة 6,0.25,0.5
جنكسيون على سكة 10,0.3,1
جنكسيون على سكة 16,0.55,1
جنكسيون على سكة 25,0.6,1
جنكسيون على سكة 35,0.8,1.5
جنكسيون على سكة 50,2,3
بنسا كوس انبوب ,5,8
mini wifi,5,8
عداد مفرد oumic,5.5,7
تابلو ظاهر مطري Aelifv 24way,10,14
سبوت مخفي Tenc 3w,1,1.5
دجنتير ABB مثلث 40A,14.3,16
دجنتير ABB مثلث صناعي 125A,70,78
JTC 3120,14,18
JTC 4353,4,6.5
سبوت فريملس مربع YGT 36w,4,6
LED Bulb 5w Vinus,0.37,1
 50 مقدح Ingco 20v,35,42
magnetic Df11 24w,9,12
Frameless Spot 36w TENC CCT,3.5,5
توربين 4 inch,18,23
توربين 5 inch,20,26
توربين 6 inch,22,28
بروجكتير سكة 15w,5,8
F16 Fan AC,8.5,20
Heat Gun 1800w Wadfow,12.5,18
متر نايلون,0.5,1.1
غلوب مدور 24w CCT,3.5,6
بروجكتير سكة 30w,4,7
 بروجكتير سكة 30w CCT,5,9
تابلو مطري 5way TENC,3,6
تابلو مطري 8way TENC,4.2,8
تابلو مطري 18way TENC,7.75,12
تابلو مطري 24way TENC,9,14
تابلو مطري 15way TENC,6.5,10
UPS Router mini ,13.5,17
Netis راوتر,10,14
بروجكتير 100w Sadaka,10,15
بروجكتير 100w Sadaka Blue,12,16
كادر FAR 3way,1,2.2
دوي فيش مع مفتاح,0.35,1.1
علبة كوسات مشكل Wadfow,2.5,5
علبة شرينك مشكل Wadfow,2.5,5
طقم مفك ساعات,1.75,5
وصلة بشريط 5way Cosmostar,6.75,11
براغي علبة ماجيك,3.25,5.5
magnetic Df11 60cm,7,12
مخرم CashCable 40x40,3,4.5
تلزيق double face Ivy 3cm,1.1,2.2
كادر صناعي 6000w Sopoka,4,6
لمبة برغش 30cm,1.1,1.77
لمبة برغش 45cm,1.25,2.2
لمبة برغش 60cm,1.5,2.5
شفرة ingco mini,0.5,1
رباط بلاستيك 7.6x400,4.5,6
Konnice 01 ,1.45,2
JTC Fan 5609,40,50
JTC wall Fan 1118,40,50
مروحة عامود AGI,22,30
JTC Fan 5607,38,45
كباس جرس ADAF,0.8,2
تنس برغش Akko Star,4.5,7
خراقة بلبل,2,6
E27 Fan ,9,15
كلب بطارية صغير,0.6,1.5
Car starter Digital Box,35,45
Car starter Moxom,35,50
فيش لابتوب,0.5,2
HDMI 3m 4K,1.75,4
HDMI 3m 8K,2.25,7
Solar Wall Lamp,2.5,5
Spot Frameless TENC 36w ظاهر,3.5,6
LED Bulb 5w Glo,0.45,0.8
Interlock 3ph 9-32,2,3
جنكسيون ملقط CH2,0.1,0.2
Strip LED 5m 12v CoB Colors,6,8
Wall Ceiling Globe MW ,8,15
سبوت مخفي Deawoo silver 3w,1.25,1.5
Colored T5 120cm New,1.75,3.5
كونتكتير SEM,3.5,6
Port Fuse DC,0.75,2
سنسر خزانة,3,5
JTC 4110,3,6
JTC 2027,2.5,5
وصلة MOXOM STO7,9,15
Strip LED RGB 10m Bluetooth,7,14
INGCO كاوي 100w,9.5,15
كاوي صيني 60w,1.75,4
مفتاح دومينو مفرد,0.35,1.1
مفتاح دومينو مجوز,0.45,1.1
مفتاح دومينو مثلث,0.5,1.1
كادر بلا شريط Cosmostar 5way,1.9,4